<?xml version="1.0" encoding="UTF-8"?>
<project-private xmlns="http://www.netbeans.org/ns/project-private/1">
    <editor-bookmarks xmlns="http://www.netbeans.org/ns/editor-bookmarks/2" lastBookmarkId="0"/>
    <open-files xmlns="http://www.netbeans.org/ns/projectui-open-files/2">
        <group>
            <file>file:/C:/Users/tariq/Documents/T.Z/Uni/2nd%20year/Winter%202022/COE528/BookStoreApp/src/bookstoreapp/Silver.java</file>
            <file>file:/C:/Users/tariq/Documents/T.Z/Uni/2nd%20year/Winter%202022/COE528/BookStoreApp/src/bookstoreapp/Book.java</file>
            <file>file:/C:/Users/tariq/Documents/T.Z/Uni/2nd%20year/Winter%202022/COE528/BookStoreApp/src/bookstoreapp/BookStoreApp.java</file>
            <file>file:/C:/Users/tariq/Documents/T.Z/Uni/2nd%20year/Winter%202022/COE528/BookStoreApp/src/bookstoreapp/Customer.java</file>
            <file>file:/C:/Users/tariq/Documents/T.Z/Uni/2nd%20year/Winter%202022/COE528/BookStoreApp/src/bookstoreapp/Gold.java</file>
            <file>file:/C:/Users/tariq/Documents/T.Z/Uni/2nd%20year/Winter%202022/COE528/BookStoreApp/src/bookstoreapp/State.java</file>
        </group>
    </open-files>
</project-private>
